<?xml version="1.0" encoding="UTF-8"?>
<!DOCTYPE tiles-definitions PUBLIC
       "-//Apache Software Foundation//DTD Tiles Configuration 3.0//EN"
       "http://tiles.apache.org/dtds/tiles-config_3_0.dtd">
<tiles-definitions>
	<definition name="ddosirak.homepage" template="/WEB-INF/layouts/main/template.jsp">
		<put-attribute name="header" value="/WEB-INF/layouts/main/header.jsp" />
		<put-attribute name="body" value="/WEB-INF/layouts/main/body.jsp" />
		<put-attribute name="footer" value="/WEB-INF/layouts/main/footer.jsp" />
	</definition>

	<definition name="WILDCARD:main/*" extends="ddosirak.homepage">
		<put-attribute name="body" value="/WEB-INF/views/main/{1}.jsp" />
	</definition>

	<definition name="WILDCARD:board/*" extends="ddosirak.homepage">
		<put-attribute name="body" value="/WEB-INF/views/board/{1}.jsp" />
	</definition>
	
	<definition name="WILDCARD:product/*" extends="ddosirak.homepage">
		<put-attribute name="body" value="/WEB-INF/views/product/{1}.jsp" />
	</definition>
	
	<definition name="WILDCARD:review/*" extends="ddosirak.homepage">
		<put-attribute name="body" value="/WEB-INF/views/review/{1}.jsp" />
	</definition>

	<!-- 성훈씨 페이지(관리자 페이지) 타일즈 정의 부분입니다. -->
	<definition name="ddosirak.adminpage" template="/WEB-INF/layouts/admin/template.jsp">
		<put-attribute name="body" value="/WEB-INF/views/admin/{1}.jsp" />
	</definition>

	<!-- 관리자 페이지 와일드카드 정의부분입니다. -->
	<definition name="WILDCARD:admin/*" extends="">
		<put-attribute name="body" value="/WEB-INF/views/admin/{1}.jsp" />
	</definition>

	
</tiles-definitions>