<?xml version="1.0" encoding="UTF-8"?>
<!DOCTYPE tiles-definitions PUBLIC
       "-//Apache Software Foundation//DTD Tiles Configuration 3.0//EN"
       "http://tiles.apache.org/dtds/tiles-config_3_0.dtd">
<tiles-definitions>
  
  <definition name="myweb.board" template="/WEB-INF/layout/template.jsp">
  	<put-attribute name="menu" value="/WEB-INF/layout/menu.jsp" />
  	<put-attribute name="header" value="/WEB-INF/layout/header.jsp" />
  	<put-attribute name="body" value="/WEB-INF/layout/body.jsp" />
  	<put-attribute name="footer" value="/WEB-INF/layout/footer.jsp" />
  </definition>
  <definition name="WILDCARD:board/*" extends="myweb.board">
  	<put-attribute name="body" value="/WEB-INF/view/board/{1}.jsp" />
  </definition>
  
    <definition name="myweb.admin" template="/WEB-INF/admin/template.jsp">
  	<put-attribute name="nav" value="/WEB-INF/admin/nav.jsp" />
  	<put-attribute name="menu" value="/WEB-INF/admin/menu.jsp" />
  	<put-attribute name="content" value="/WEB-INF/admin/content.jsp" />
  	<put-attribute name="footer" value="/WEB-INF/admin/footer.jsp" />
  </definition>
    <definition name="WILDCARD:admin/*" extends="myweb.admin">
  	<put-attribute name="content" value="/WEB-INF/view/member/{1}.jsp" />
  </definition>
  
   <definition name="WILDCARD:*/*" extends="myweb.board">
  	<put-attribute name="body" value="/WEB-INF/view/{1}/{2}.jsp" />
  </definition>
  
</tiles-definitions>