<?xml version="1.0" encoding="UTF-8" ?>
<!DOCTYPE mapper
  PUBLIC "-//mybatis.org//DTD Mapper 3.0//EN"
  "https://mybatis.org/dtd/mybatis-3-mapper.dtd">
<mapper namespace="com.yedam.mapper.ProductMapper">


<insert id="addCimages" parameterType="com.yedam.vo.CimageVO">
    insert into tbl_contentimgs (cimage_no, product_code,cimage_name, cimage_order)
    values(#{cimageno}, #{productcode}, #{cimagename}, #{cimageorder})
  </insert>

<insert id="addProduct" parameterType="com.yedam.vo.ProductVO">
    insert into tbl_products (product_code, product_name,price,add_date,product_img)
    values(#{productcode}, #{productname}, #{price}, sysdate,#{productimg})
  </insert>

<insert id="addOption" parameterType="com.yedam.vo.OptionVO">
    insert into tbl_options (option_code, product_code,option_name, option_price)
    values(#{optioncode}, #{productcode}, #{optionname}, #{optionprice})
  </insert>

<select id="getProduct" parameterType="int" resultType="com.yedam.vo.ProductVO" >
    select *
    from tbl_products
    where product_code = #{productcode}
  </select>

<select id="getOption" parameterType="int" >
    select *
    from tbl_options
    where product_code = #{productcode}
  </select>

<select id="getProductimg" parameterType="int" >
    select product_img
    from tbl_products
    where product_code = #{productcode}
  </select>


<select id="getCimages" parameterType="int" >
    select *
    from tbl_contentimgs
    where product_code = #{productcode}
    and cimage_order > 0
    order by cimage_order
  </select>

<select id="getCimage" resultType="com.yedam.vo.CimageVO" >
    select *
    from tbl_contentimgs
    where product_code = #{productcode}
    and cimage_order = #{cimageorder}
  </select>

<update id="modifyProduct" parameterType="com.yedam.vo.ProductVO">
    update tbl_products
    set product_name = #{productname}
       ,price = #{price}
    where product_code = #{productcode}
  </update>

<delete id="deleteOption" parameterType="int">
    delete tbl_options
    where product_code = #{productcode}
  </delete>

<update id="updateTimage" parameterType="com.yedam.vo.ProductVO">
    update tbl_products
    set product_img = #{productimg}
    where product_code = #{productcode}
  </update>

<update id="updateTimage2" parameterType="com.yedam.vo.CimageVO">
    update tbl_contentimgs
    set cimage_name = #{cimagename}
    where product_code = #{productcode}
    and cimage_order = 0
  </update>

</mapper>