<?xml version="1.0" encoding="UTF-8" ?>
<!DOCTYPE mapper
  PUBLIC "-//mybatis.org//DTD Mapper 3.0//EN"
  "https://mybatis.org/dtd/mybatis-3-mapper.dtd">
<mapper namespace="com.yedam.mapper.BoardMapper">

	<select id="boardList" resultType="board">
		select * from tbl_boards
		order by board_no
	</select>

	<select id="boardListPaging" parameterType="int">
	select r.*
	from (select rownum rn,a.*
         	from(select *
         	from tbl_boards b
         	order by b.board_no) a
         	<![CDATA[
         	where rownum <= (#{page} * 5)) r
         	]]>
	where r.rn > (#{page} -1)*5
	</select>
	
	<select id="getTotalCnt" resultType="int">
	select count(1) from tbl_boards
	</select>
	
	<insert id="insertBoard" parameterType="board">
insert into tbl_boards (board_no, 
                        title, 
                        content, 
                        writer)
values (boards_seq.nextval,
        #{title},
        #{content},
        #{writer})
	</insert>
	
	<select id="selectBoard" parameterType="int" resultType="board">
	select *
	from tbl_boards
	where board_no = ${boardNo}
	</select>
	
	<update id="updateViewCnt" parameterType="int">
	update tbl_boards
	set view_cnt = view_cnt +1
	where board_no = #{boardNo}
	</update>
	
	<update id="updateBoard" parameterType="board">
	update tbl_boards
	set title= #{title}, content=#{content}
	where board_no = #{boardNo}
	</update>
	
	<delete id="deleteBoard" parameterType="int">
	delete from tbl_boards
	where board_no = #{boardNo}
	</delete>
	
	<select id="selectMember" resultType="member">
	select *
	from tbl_members
	where user_id = #{id}
	and   user_pw = #{pw}
	</select>
	
	<select id="selectMember2" resultType="member">
	select *
	from tbl_members
	where user_id = #{id}
	</select>
</mapper>