<?xml version="1.0" encoding="UTF-8"?>
<!DOCTYPE mapper
  PUBLIC "-//mybatis.org//DTD Mapper 3.0//EN"
  "https://mybatis.org/dtd/mybatis-3-mapper.dtd">
<mapper namespace="com.yedam.mapper.BoardMapper">

  <select id="boardList" resultType="board">
    select * from tbl_boards
    order by board_no
  </select>
  
 <insert id="insertBoard" parameterType="board">
 insert into tbl_boards(board_no,title,content,writer,img)
values(boards_seq.nextval,#{title},#{content},#{writer},#{img})
 </insert>
 
  <select id="selectBoard" parameterType="int" resultType="board">
    select * from tbl_boards
    where  board_no = #{boardNO}
  </select>
 
 
  <delete id="deleteBoard" parameterType="int">
  delete from tbl_boards
  where  board_no = #{boardNO}
  </delete>
 
  <select id="selectmembers"  resultType="member">
    select * from tbl_members
    where user_id= #{id}
    and user_pw=#{pw}
  </select>
 
 
  <delete id="deleteBoard" parameterType="int">
  delete from tbl_members
  where  board_no = #{boardNO}
  </delete>
  
   <select id="selectmembers2"  resultType="member">
    select * from tbl_members
    where user_id= #{id}
  </select>
  
   <select id="boardListPaging"  resultType="int">
    select r.*
     from(
     select rownum m,a.*
      from(
    select*
     from tbl_boards b
     order by b.board_no)a
     <![CDATA[
     where rownum<=(page*5))r
     where r.m>(page-1)*5
     ]]>
  </select>
  
  <select id="getTotalCnt"  resultType="int">
 select count(1) from tbl_boards
    where user_id= #{id}
  </select>
  
</mapper>
