<?xml version="1.0" encoding="UTF-8"?>
<!DOCTYPE tiles-definitions PUBLIC
       "-//Apache Software Foundation//DTD Tiles Configuration 3.0//EN"
       "http://tiles.apache.org/dtds/tiles-config_3_0.dtd">

<tiles-definitions>
	<definition name="product.app" template="/WEB-INF/layouts/template.jsp">
		<put-attribute name="title" value="/WEB-INF/layouts/title.jsp" />
		<put-attribute name="header" value="/WEB-INF/layouts/header.jsp" />
		<put-attribute name="body" value="/WEB-INF/layouts/body.jsp" />
		<put-attribute name="footer" value="/WEB-INF/layouts/footer.jsp" />
	</definition>

	<definition name="WILDCARD:product/*" extends="product.app">
		<put-attribute name="body" value="/WEB-INF/product/{1}.jsp" />
	</definition>

</tiles-definitions>